Time,V1,V2,V3,V4,V5,V6,V7,V8,V9,V10,V11,V12,V13,V14,V15,V16,V17,V18,V19,V20,V21,V22,V23,V24,V25,V26,V27,V28,Amount
74159.0,-1.548788099,1.80869795,-0.953509034,2.213085393,-2.015727792,-0.913456845,-2.356012983,1.197168967,-1.678374057,-3.538650232,3.102089927,-3.993373054,-1.937410623,-3.822894106,0.830970111,-2.475358854,-5.211875168,-0.413871678,0.933262165,0.390785964,0.855138263,0.774744821,0.059037152,0.343199808,-0.468937929,-0.278337987,0.625922215,0.395573378,76.94
65385.0,-2.923826664,1.524837164,-3.018758033,3.289291475,-5.755542374,2.218276303,-0.509995432,-3.569443569,-1.016591689,-4.320535776,1.277202265,-3.701749667,-0.971869594,-4.857776672,0.090605522,-2.80150199,-4.186807537,-1.648406094,1.176445598,-0.447039407,-0.511656805,-0.122724086,-4.288638999,0.563796658,-0.94945135,-0.204532177,1.510206487,-0.324706013,1354.25
150494.0,1.852889095,1.069592864,-1.776101273,4.617409969,0.770412982,-0.400859126,-0.040970122,0.089510463,-0.217705276,-0.3739273,-0.688453907,-1.463206924,-1.624155,-4.252465599,-1.340175884,1.7328728,2.934481224,1.437196572,-1.923308939,-0.288392191,-0.157868696,-0.176243752,0.027436946,-0.468006203,0.058062799,0.14826306,0.042277764,0.040572752,1.0
134928.0,1.204934242,3.238069511,-6.010324404,5.720846677,1.548399778,-2.321063516,-0.781880413,0.076619238,-2.976249051,-4.070256863,3.394152086,-4.547742185,-0.063634196,-10.51646521,0.053267384,0.204079529,0.462929331,0.841169059,-2.221383853,0.338160709,0.09834147,-0.84586592,-0.031227769,0.42114641,0.388361412,0.056034744,0.491827823,0.340846686,0.0
154309.0,-0.082983465,-3.935918924,-2.616708986,0.163310075,-1.400951828,-0.809419405,1.50157984,-0.470999587,1.519743199,-1.134453811,0.713877646,0.979674835,-1.339031266,0.984993219,-0.382470968,-0.934615796,-0.052419435,0.511161784,0.731998749,1.878611603,0.70267204,-0.182304776,-0.921016986,0.111635488,-0.071622212,-1.125881096,-0.170947427,0.126221383,1096.99
61290.0,1.22882115,-0.063407717,0.274145142,0.647465022,-0.048134561,0.372073029,-0.224230587,0.079939049,0.640758817,-0.273053702,-1.252727939,0.465078771,0.400502115,-0.292841861,-0.101774016,-0.399835898,0.034335657,-0.783550255,0.1413449,-0.096565902,-0.129554448,-0.083779328,-0.151661474,-0.700371597,0.598550165,0.491409071,0.00298926,0.001782286,11.5
155394.0,-0.203154118,1.176677772,-0.759594833,-0.518472456,0.629648947,-0.721674625,0.638892986,0.24337733,-0.157487868,-0.506595005,-1.394841444,-0.092472166,0.021634234,0.730796922,0.496342533,-0.199594478,-0.434390467,0.348660089,0.162523709,-0.098429129,0.384629228,1.206753963,-0.082753423,0.50838635,-0.710906427,-0.234509797,0.379640313,0.2613507,1.94
30881.0,-1.672836194,1.401297074,1.503939628,2.17549051,0.699791087,1.062138717,1.114363592,-0.535821928,-0.252982535,3.071219061,0.768573877,0.202065466,1.349180178,-0.950567032,0.92204624,0.36699541,-1.215488684,0.598609941,1.425968085,0.828472399,-0.525949978,-0.408742596,-0.280082875,-0.846468055,-0.155456242,-0.062383255,0.007777499,0.113900012,91.28
53203.0,0.819378671,-1.124913222,0.51502476,0.513944559,-1.009047701,0.488483752,-0.580672256,0.187686415,-0.999142092,0.871966424,0.906598647,0.386404355,0.101522173,0.275542566,0.703470843,-1.004960193,-0.425904225,1.774009994,-1.399609114,-0.110144392,-0.057205296,-0.168060874,-0.198732225,-0.337408312,0.238537841,-0.28945403,0.038213589,0.058406504,228.0
129429.0,2.009701469,0.105635251,-1.752758642,0.588311723,0.374800962,-0.637884284,0.00925954,-0.129486779,0.492619134,-0.527042769,0.985105014,1.036502857,0.417644499,-1.64189419,-1.123469726,0.316818499,0.891983165,0.610566661,0.215797811,-0.135479243,0.008969683,0.357394178,-0.013472197,-0.446920135,0.111521982,0.642943537,-0.036998151,-0.043404429,1.41
